{
  "global_max": 1.0,
  "global_mean_std": 0.12706001102924347,
  "global_min": 0.0,
  "gradient_residual_max": 2.2302136421203613,
  "std_floor": 0.0012706001102924347,
  "target_size": [
    256,
    256
  ],
  "variance_residual_max": 0.20857739448547363
}