{
  "curvature_residual_max": 0.8331910967826843,
  "density_max": 12.0,
  "depth_residual_max": 0.5451258420944214,
  "depth_residual_min": -0.7247390747070312,
  "mean_center": [
    11.172001838684082,
    -38.85143280029297,
    2081.986328125
  ],
  "mean_diagonal": 25.333195954561234,
  "roughness_residual_max": 0.0004959750222042203,
  "x_bounds": [
    -0.4251523017883301,
    0.4251523017883301
  ],
  "y_bounds": [
    -0.4247112274169922,
    0.4247117042541504
  ],
  "z_bounds": [
    -0.6867841482162476,
    0.514028012752533
  ]
}