{
  "global_max": 1.0,
  "global_mean_std": 0.14436955749988556,
  "global_min": 0.0,
  "gradient_residual_max": 2.3629958629608154,
  "std_floor": 0.0014436955749988557,
  "target_size": [
    256,
    256
  ],
  "variance_residual_max": 0.19871099293231964
}