{
  "curvature_residual_max": 2.122814655303955,
  "density_max": 56.0,
  "depth_residual_max": 0.6998114585876465,
  "depth_residual_min": -0.7240161299705505,
  "mean_center": [
    28.12378692626953,
    -26.92959976196289,
    2131.44873046875
  ],
  "mean_diagonal": 22.226146168178982,
  "roughness_residual_max": 0.002065766602754593,
  "x_bounds": [
    -0.357205867767334,
    0.3572061061859131
  ],
  "y_bounds": [
    -0.35807037353515625,
    0.35806989669799805
  ],
  "z_bounds": [
    -0.6768689751625061,
    0.6364464163780212
  ]
}