{
  "category": "screw",
  "mean": 0.5167197585105896,
  "q50": 0.5046613216400146,
  "q90": 0.6128871440887451,
  "q95": 0.6207707524299622,
  "q99": 0.6317597031593323,
  "sample_count": 72,
  "score_mode": "noise_error",
  "std": 0.05513889342546463
}