{
  "category": "button_cell",
  "mean": 0.3851715326309204,
  "q50": 0.37258851528167725,
  "q90": 0.47258830070495605,
  "q95": 0.5056918859481812,
  "q99": 0.5596678853034973,
  "sample_count": 72,
  "score_mode": "noise_error",
  "std": 0.06407971680164337
}