{
  "category": "piggy",
  "mean": 0.34419378638267517,
  "q50": 0.3412497639656067,
  "q90": 0.41299864649772644,
  "q95": 0.44455042481422424,
  "q99": 0.4648672342300415,
  "sample_count": 88,
  "score_mode": "noise_error",
  "std": 0.05171845480799675
}