{
  "category": "cotton",
  "mean": 0.962393045425415,
  "q50": 0.9333208203315735,
  "q90": 1.0881128311157227,
  "q95": 1.1903654336929321,
  "q99": 1.3776450157165527,
  "sample_count": 62,
  "score_mode": "noise_error",
  "std": 0.11915113776922226
}