{
  "button_cell": {
    "category": "button_cell",
    "mean": 0.48511961102485657,
    "q50": 0.45453763008117676,
    "q90": 0.6707759499549866,
    "q95": 0.7875546813011169,
    "q99": 0.8982617259025574,
    "sample_count": 72,
    "score_mode": "noise_error",
    "std": 0.13633856177330017
  },
  "capsule": {
    "category": "capsule",
    "mean": 0.7437746524810791,
    "q50": 0.7113203406333923,
    "q90": 0.9427937269210815,
    "q95": 1.001508116722107,
    "q99": 1.0547574758529663,
    "sample_count": 51,
    "score_mode": "noise_error",
    "std": 0.14712530374526978
  },
  "cotton": {
    "category": "cotton",
    "mean": 0.9245163202285767,
    "q50": 0.8829339146614075,
    "q90": 1.1046931743621826,
    "q95": 1.2245265245437622,
    "q99": 1.3759386539459229,
    "sample_count": 62,
    "score_mode": "noise_error",
    "std": 0.1385038048028946
  },
  "cube": {
    "category": "cube",
    "mean": 0.5012427568435669,
    "q50": 0.4728454649448395,
    "q90": 0.6376366019248962,
    "q95": 0.7299634218215942,
    "q99": 1.1152440309524536,
    "sample_count": 88,
    "score_mode": "noise_error",
    "std": 0.14712487161159515
  },
  "flat_pad": {
    "category": "flat_pad",
    "mean": 0.5275946855545044,
    "q50": 0.5010664463043213,
    "q90": 0.6531412601470947,
    "q95": 0.8007433414459229,
    "q99": 0.9215465784072876,
    "sample_count": 72,
    "score_mode": "noise_error",
    "std": 0.1181371808052063
  },
  "light": {
    "category": "light",
    "mean": 0.46152952313423157,
    "q50": 0.43812793493270874,
    "q90": 0.5768738985061646,
    "q95": 0.619268536567688,
    "q99": 0.8631649017333984,
    "sample_count": 88,
    "score_mode": "noise_error",
    "std": 0.10785982757806778
  },
  "nut": {
    "category": "nut",
    "mean": 0.6004402041435242,
    "q50": 0.5910476446151733,
    "q90": 0.7053639888763428,
    "q95": 0.8029060363769531,
    "q99": 0.8367863893508911,
    "sample_count": 94,
    "score_mode": "noise_error",
    "std": 0.09111294895410538
  },
  "piggy": {
    "category": "piggy",
    "mean": 0.5227270722389221,
    "q50": 0.5079959630966187,
    "q90": 0.6503361463546753,
    "q95": 0.683877170085907,
    "q99": 0.7543524503707886,
    "sample_count": 88,
    "score_mode": "noise_error",
    "std": 0.09611639380455017
  },
  "plastic_cylinder": {
    "category": "plastic_cylinder",
    "mean": 0.493815153837204,
    "q50": 0.45650428533554077,
    "q90": 0.6990886330604553,
    "q95": 0.8288290500640869,
    "q99": 0.9720448851585388,
    "sample_count": 72,
    "score_mode": "noise_error",
    "std": 0.1428113728761673
  },
  "screen": {
    "category": "screen",
    "mean": 0.6779103875160217,
    "q50": 0.6710854768753052,
    "q90": 0.8590170741081238,
    "q95": 0.9149777293205261,
    "q99": 1.0092847347259521,
    "sample_count": 55,
    "score_mode": "noise_error",
    "std": 0.1401427686214447
  },
  "screw": {
    "category": "screw",
    "mean": 0.578279972076416,
    "q50": 0.5624421834945679,
    "q90": 0.6926731467247009,
    "q95": 0.7528448104858398,
    "q99": 0.8165189623832703,
    "sample_count": 72,
    "score_mode": "noise_error",
    "std": 0.08418144285678864
  },
  "solar_panel": {
    "category": "solar_panel",
    "mean": 0.5886307954788208,
    "q50": 0.5707581043243408,
    "q90": 0.7267019748687744,
    "q95": 0.860876202583313,
    "q99": 1.0901364088058472,
    "sample_count": 72,
    "score_mode": "noise_error",
    "std": 0.14174064993858337
  },
  "spring_pad": {
    "category": "spring_pad",
    "mean": 0.4790947437286377,
    "q50": 0.4734783470630646,
    "q90": 0.5699836611747742,
    "q95": 0.5853185653686523,
    "q99": 0.6573072671890259,
    "sample_count": 69,
    "score_mode": "noise_error",
    "std": 0.0712047666311264
  },
  "toothbrush": {
    "category": "toothbrush",
    "mean": 0.5511526465415955,
    "q50": 0.5285849571228027,
    "q90": 0.6950122117996216,
    "q95": 0.8305845856666565,
    "q99": 1.0111321210861206,
    "sample_count": 88,
    "score_mode": "noise_error",
    "std": 0.12881766259670258
  },
  "zipper": {
    "category": "zipper",
    "mean": 0.7422446012496948,
    "q50": 0.7137306928634644,
    "q90": 0.840040385723114,
    "q95": 0.9897738099098206,
    "q99": 1.3800524473190308,
    "sample_count": 69,
    "score_mode": "noise_error",
    "std": 0.15290679037570953
  }
}