{
  "category": "plastic_cylinder",
  "mean": 0.608558714389801,
  "q50": 0.522358775138855,
  "q90": 0.7973542809486389,
  "q95": 1.399368166923523,
  "q99": 1.774728775024414,
  "sample_count": 72,
  "score_mode": "noise_error",
  "std": 0.3225557506084442
}