{
  "category": "spring_pad",
  "mean": 0.40052855014801025,
  "q50": 0.38783538341522217,
  "q90": 0.45974066853523254,
  "q95": 0.48789146542549133,
  "q99": 0.5502977967262268,
  "sample_count": 69,
  "score_mode": "noise_error",
  "std": 0.05098232626914978
}