{
  "curvature_residual_max": 0.6825003623962402,
  "density_max": 47.0,
  "depth_residual_max": 0.5837287306785583,
  "depth_residual_min": -0.5156704187393188,
  "mean_center": [
    16.541048049926758,
    30.57959747314453,
    2155.9970703125
  ],
  "mean_diagonal": 25.80504258473714,
  "roughness_residual_max": 0.0008610336808487773,
  "x_bounds": [
    -0.33837032318115234,
    0.33837032318115234
  ],
  "y_bounds": [
    -0.3379077911376953,
    0.3379087448120117
  ],
  "z_bounds": [
    -0.4984036982059479,
    0.570808470249176
  ]
}