{
  "category": "zipper",
  "mean": 0.6816999912261963,
  "q50": 0.6768493056297302,
  "q90": 0.8367297649383545,
  "q95": 0.8612191081047058,
  "q99": 1.0133107900619507,
  "sample_count": 69,
  "score_mode": "noise_error",
  "std": 0.12021710723638535
}