{
  "category": "flat_pad",
  "mean": 0.6931650638580322,
  "q50": 0.6546517610549927,
  "q90": 0.9751912355422974,
  "q95": 1.0927397012710571,
  "q99": 1.4670974016189575,
  "sample_count": 72,
  "score_mode": "noise_error",
  "std": 0.22088074684143066
}