{
  "global_max": 1.0,
  "global_mean_std": 0.09562224894762039,
  "global_min": 0.0,
  "gradient_residual_max": 1.8243799209594727,
  "std_floor": 0.000956222489476204,
  "target_size": [
    256,
    256
  ],
  "variance_residual_max": 0.12564058601856232
}