{
  "curvature_residual_max": 1.9137482643127441,
  "density_max": 72.0,
  "depth_residual_max": 1.7958208322525024,
  "depth_residual_min": -5.351958751678467,
  "mean_center": [
    -14.928438186645508,
    39.473907470703125,
    2171.08251953125
  ],
  "mean_diagonal": 18.193044832017687,
  "roughness_residual_max": 0.0005051870248280466,
  "x_bounds": [
    -0.32547900080680847,
    0.3254789710044861
  ],
  "y_bounds": [
    -0.32453203201293945,
    0.32453155517578125
  ],
  "z_bounds": [
    -5.275171756744385,
    1.726264476776123
  ]
}