{
  "category": "nut",
  "mean": 0.5283376574516296,
  "q50": 0.5152105689048767,
  "q90": 0.6650519371032715,
  "q95": 0.6910197138786316,
  "q99": 0.7118275761604309,
  "sample_count": 94,
  "score_mode": "noise_error",
  "std": 0.08736821264028549
}