{
  "curvature_residual_max": 2.8476498126983643,
  "density_max": 373.0,
  "depth_residual_max": 0.20611819624900818,
  "depth_residual_min": -0.31315404176712036,
  "mean_center": [
    21.176023483276367,
    48.493003845214844,
    2169.358642578125
  ],
  "mean_diagonal": 260.7628539329351,
  "roughness_residual_max": 0.0004783649346791208,
  "x_bounds": [
    -0.4800560772418976,
    0.4800560772418976
  ],
  "y_bounds": [
    -0.48066699504852295,
    0.4806669354438782
  ],
  "z_bounds": [
    -0.304506778717041,
    0.2221003770828247
  ]
}