{
  "global_max": 1.0,
  "global_mean_std": 0.09408339858055115,
  "global_min": 0.0,
  "gradient_residual_max": 2.3344337940216064,
  "std_floor": 0.0009408339858055115,
  "target_size": [
    256,
    256
  ],
  "variance_residual_max": 0.22585415840148926
}