{
  "curvature_residual_max": 2.6639328002929688,
  "density_max": 97.0,
  "depth_residual_max": 0.632639467716217,
  "depth_residual_min": -0.6914297342300415,
  "mean_center": [
    18.42870330810547,
    -20.56405258178711,
    2084.43212890625
  ],
  "mean_diagonal": 18.394308666850247,
  "roughness_residual_max": 0.0013688693288713694,
  "x_bounds": [
    -0.34290003776550293,
    0.34290003776550293
  ],
  "y_bounds": [
    -0.3428618907928467,
    0.34286224842071533
  ],
  "z_bounds": [
    -0.5843800902366638,
    0.6233617663383484
  ]
}