{
  "category": "light",
  "mean": 0.2607598602771759,
  "q50": 0.2417731136083603,
  "q90": 0.343426376581192,
  "q95": 0.38467860221862793,
  "q99": 0.4928354024887085,
  "sample_count": 88,
  "score_mode": "noise_error",
  "std": 0.06500928848981857
}