{
  "global_max": 1.0,
  "global_mean_std": 0.25669166445732117,
  "global_min": 0.0,
  "gradient_residual_max": 2.4262571334838867,
  "std_floor": 0.002566916644573212,
  "target_size": [
    256,
    256
  ],
  "variance_residual_max": 0.2159230262041092
}