{
  "curvature_residual_max": 3.042365789413452,
  "density_max": 516.0,
  "depth_residual_max": 0.5998478531837463,
  "depth_residual_min": -0.7723634243011475,
  "mean_center": [
    77.1402359008789,
    21.5657958984375,
    2047.4483642578125
  ],
  "mean_diagonal": 158.61520275171253,
  "roughness_residual_max": 0.0005484182620421052,
  "x_bounds": [
    -0.43659210205078125,
    0.43659213185310364
  ],
  "y_bounds": [
    -0.437191367149353,
    0.4371914565563202
  ],
  "z_bounds": [
    -0.7027420401573181,
    0.5621861219406128
  ]
}