{
  "button_cell": {
    "aupro": 0.272458,
    "eval_samples": 41,
    "image_auprc": 0.997951,
    "image_auroc": 0.993548,
    "image_f1": 0.931034,
    "mean_anomalous_score": 0.947338,
    "mean_good_score": 0.506953,
    "pixel_auroc": 0.765176,
    "pixel_f1": 0.248062,
    "pixel_iou": 0.177783,
    "pixel_samples": 26
  },
  "capsule": {
    "aupro": 0.747996,
    "eval_samples": 58,
    "image_auprc": 0.96742,
    "image_auroc": 0.8375,
    "image_f1": 0.0,
    "mean_anomalous_score": 452679.21875,
    "mean_good_score": 0.999069,
    "pixel_auroc": 0.927407,
    "pixel_f1": 0.0,
    "pixel_iou": 0.0,
    "pixel_samples": 41
  },
  "cotton": {
    "aupro": 0.599392,
    "eval_samples": 50,
    "image_auprc": 0.986545,
    "image_auroc": 0.94,
    "image_f1": 0.0,
    "mean_anomalous_score": 5.088611,
    "mean_good_score": 1.081018,
    "pixel_auroc": 0.787974,
    "pixel_f1": 0.0,
    "pixel_iou": 0.0,
    "pixel_samples": 8
  },
  "cube": {
    "aupro": 0.371974,
    "eval_samples": 51,
    "image_auprc": 0.933709,
    "image_auroc": 0.880488,
    "image_f1": 0.764706,
    "mean_anomalous_score": 0.853416,
    "mean_good_score": 0.555099,
    "pixel_auroc": 0.716963,
    "pixel_f1": 0.094901,
    "pixel_iou": 0.059915,
    "pixel_samples": 33
  },
  "flat_pad": {
    "aupro": 0.179978,
    "eval_samples": 40,
    "image_auprc": 0.835481,
    "image_auroc": 0.696667,
    "image_f1": 0.705882,
    "mean_anomalous_score": 0.799465,
    "mean_good_score": 0.685789,
    "pixel_auroc": 0.645972,
    "pixel_f1": 0.05513,
    "pixel_iou": 0.030079,
    "pixel_samples": 30
  },
  "light": {
    "aupro": 0.458704,
    "eval_samples": 46,
    "image_auprc": 0.915099,
    "image_auroc": 0.775,
    "image_f1": 0.0,
    "mean_anomalous_score": 2.694262,
    "mean_good_score": 0.596681,
    "pixel_auroc": 0.878336,
    "pixel_f1": 0.109075,
    "pixel_iou": 0.08147,
    "pixel_samples": 12
  },
  "nut": {
    "aupro": 0.126902,
    "eval_samples": 39,
    "image_auprc": 0.962695,
    "image_auroc": 0.910345,
    "image_f1": 0.666667,
    "mean_anomalous_score": 1.120899,
    "mean_good_score": 0.641356,
    "pixel_auroc": 0.536574,
    "pixel_f1": 0.011679,
    "pixel_iou": 0.005971,
    "pixel_samples": 29
  },
  "piggy": {
    "aupro": 0.072909,
    "eval_samples": 40,
    "image_auprc": 0.952783,
    "image_auroc": 0.856667,
    "image_f1": 0.76,
    "mean_anomalous_score": 0.826239,
    "mean_good_score": 0.607315,
    "pixel_auroc": 0.465851,
    "pixel_f1": 0.0,
    "pixel_iou": 0.0,
    "pixel_samples": 29
  },
  "plastic_cylinder": {
    "aupro": 0.410685,
    "eval_samples": 38,
    "image_auprc": 0.918276,
    "image_auroc": 0.789286,
    "image_f1": 0.619048,
    "mean_anomalous_score": 0.9398,
    "mean_good_score": 0.534889,
    "pixel_auroc": 0.806072,
    "pixel_f1": 0.19813,
    "pixel_iou": 0.121243,
    "pixel_samples": 17
  },
  "screen": {
    "aupro": 0.05068,
    "eval_samples": 42,
    "image_auprc": 0.992433,
    "image_auroc": 0.975,
    "image_f1": 0.0,
    "mean_anomalous_score": 1.270625,
    "mean_good_score": 0.870282,
    "pixel_auroc": 0.488945,
    "pixel_f1": 0.0,
    "pixel_iou": 0.0,
    "pixel_samples": 29
  },
  "screw": {
    "aupro": 0.126439,
    "eval_samples": 41,
    "image_auprc": 0.96075,
    "image_auroc": 0.86129,
    "image_f1": 0.0,
    "mean_anomalous_score": 1.5804,
    "mean_good_score": 0.843242,
    "pixel_auroc": 0.513718,
    "pixel_f1": 0.007381,
    "pixel_iou": 0.003785,
    "pixel_samples": 31
  },
  "solar_panel": {
    "aupro": 0.450747,
    "eval_samples": 49,
    "image_auprc": 0.935364,
    "image_auroc": 0.805128,
    "image_f1": 0.709677,
    "mean_anomalous_score": 0.842066,
    "mean_good_score": 0.628137,
    "pixel_auroc": 0.799115,
    "pixel_f1": 0.0,
    "pixel_iou": 0.0,
    "pixel_samples": 12
  },
  "spring_pad": {
    "aupro": 0.109359,
    "eval_samples": 34,
    "image_auprc": 0.98539,
    "image_auroc": 0.9625,
    "image_f1": 0.769231,
    "mean_anomalous_score": 1.109393,
    "mean_good_score": 0.516066,
    "pixel_auroc": 0.586842,
    "pixel_f1": 0.046431,
    "pixel_iou": 0.025816,
    "pixel_samples": 24
  },
  "toothbrush": {
    "aupro": 0.261249,
    "eval_samples": 35,
    "image_auprc": 1.0,
    "image_auroc": 1.0,
    "image_f1": 0.0,
    "mean_anomalous_score": 3.245371,
    "mean_good_score": 0.698086,
    "pixel_auroc": 0.655693,
    "pixel_f1": 0.044984,
    "pixel_iou": 0.024758,
    "pixel_samples": 20
  },
  "zipper": {
    "aupro": 0.0946,
    "eval_samples": 40,
    "image_auprc": 0.820208,
    "image_auroc": 0.756667,
    "image_f1": 0.0,
    "mean_anomalous_score": 7.545698,
    "mean_good_score": 4.328266,
    "pixel_auroc": 0.634644,
    "pixel_f1": 0.0,
    "pixel_iou": 0.0,
    "pixel_samples": 19
  }
}