{
  "curvature_residual_max": 2.5850319862365723,
  "density_max": 66.0,
  "depth_residual_max": 3.1425650119781494,
  "depth_residual_min": -1.1643128395080566,
  "mean_center": [
    -7.432044982910156,
    0.49778324365615845,
    2097.87744140625
  ],
  "mean_diagonal": 46.82483270433214,
  "roughness_residual_max": 0.0007035478483885527,
  "x_bounds": [
    -0.33008456230163574,
    0.33008432388305664
  ],
  "y_bounds": [
    -0.3300962448120117,
    0.3300962448120117
  ],
  "z_bounds": [
    -1.1130114793777466,
    3.1266067028045654
  ]
}