{
  "curvature_residual_max": 2.052070140838623,
  "density_max": 29.0,
  "depth_residual_max": 0.7052005529403687,
  "depth_residual_min": -0.841733455657959,
  "mean_center": [
    7.049656391143799,
    -2.2416698932647705,
    2182.442626953125
  ],
  "mean_diagonal": 21.646903393632275,
  "roughness_residual_max": 0.0062769013457000256,
  "x_bounds": [
    -0.33530139923095703,
    0.3352999687194824
  ],
  "y_bounds": [
    -0.33286190032958984,
    0.33286190032958984
  ],
  "z_bounds": [
    -0.7960460782051086,
    0.6494956612586975
  ]
}