{
  "global_max": 1.0,
  "global_mean_std": 0.08790414035320282,
  "global_min": 0.0,
  "gradient_residual_max": 2.3249244689941406,
  "std_floor": 0.0008790414035320282,
  "target_size": [
    256,
    256
  ],
  "variance_residual_max": 0.2118590772151947
}