{
  "curvature_residual_max": 3.078261137008667,
  "density_max": 142.0,
  "depth_residual_max": 1.1915667057037354,
  "depth_residual_min": -0.7068567872047424,
  "mean_center": [
    23.154985427856445,
    23.340044021606445,
    1931.122802734375
  ],
  "mean_diagonal": 63.99324561225043,
  "roughness_residual_max": 0.0015896542463451624,
  "x_bounds": [
    -0.4286292791366577,
    0.42862939834594727
  ],
  "y_bounds": [
    -0.4210937023162842,
    0.421093225479126
  ],
  "z_bounds": [
    -0.7061101794242859,
    1.181267499923706
  ]
}