{
  "button_cell": {
    "category": "button_cell",
    "mean": 0.49675846099853516,
    "q50": 0.4551273286342621,
    "q90": 0.6913241744041443,
    "q95": 0.8462515473365784,
    "q99": 0.9433388113975525,
    "sample_count": 72,
    "score_mode": "noise_error",
    "std": 0.14924035966396332
  },
  "capsule": {
    "category": "capsule",
    "mean": 0.7377630472183228,
    "q50": 0.7350413799285889,
    "q90": 0.944318413734436,
    "q95": 1.0354769229888916,
    "q99": 1.100696325302124,
    "sample_count": 51,
    "score_mode": "noise_error",
    "std": 0.1497359424829483
  },
  "cotton": {
    "category": "cotton",
    "mean": 0.9092118740081787,
    "q50": 0.8691514134407043,
    "q90": 1.0939329862594604,
    "q95": 1.1997404098510742,
    "q99": 1.3922572135925293,
    "sample_count": 62,
    "score_mode": "noise_error",
    "std": 0.14163030683994293
  },
  "cube": {
    "category": "cube",
    "mean": 0.4487817585468292,
    "q50": 0.4242934584617615,
    "q90": 0.5691547393798828,
    "q95": 0.6291369795799255,
    "q99": 1.0434253215789795,
    "sample_count": 88,
    "score_mode": "noise_error",
    "std": 0.1425185203552246
  },
  "flat_pad": {
    "category": "flat_pad",
    "mean": 0.5388425588607788,
    "q50": 0.5117496848106384,
    "q90": 0.6666792631149292,
    "q95": 0.8335366249084473,
    "q99": 0.9226378798484802,
    "sample_count": 72,
    "score_mode": "noise_error",
    "std": 0.12130068242549896
  },
  "light": {
    "category": "light",
    "mean": 0.47201964259147644,
    "q50": 0.4508991241455078,
    "q90": 0.6026187539100647,
    "q95": 0.646246612071991,
    "q99": 0.8801721334457397,
    "sample_count": 88,
    "score_mode": "noise_error",
    "std": 0.11553620547056198
  },
  "nut": {
    "category": "nut",
    "mean": 0.5945825576782227,
    "q50": 0.5849881172180176,
    "q90": 0.713867723941803,
    "q95": 0.8183698058128357,
    "q99": 0.8531308174133301,
    "sample_count": 94,
    "score_mode": "noise_error",
    "std": 0.09933877736330032
  },
  "piggy": {
    "category": "piggy",
    "mean": 0.5385711193084717,
    "q50": 0.5275446772575378,
    "q90": 0.6782900094985962,
    "q95": 0.711072564125061,
    "q99": 0.7885196805000305,
    "sample_count": 88,
    "score_mode": "noise_error",
    "std": 0.10249994695186615
  },
  "plastic_cylinder": {
    "category": "plastic_cylinder",
    "mean": 0.5127427577972412,
    "q50": 0.48317059874534607,
    "q90": 0.6793514490127563,
    "q95": 0.8529866337776184,
    "q99": 1.0234053134918213,
    "sample_count": 72,
    "score_mode": "noise_error",
    "std": 0.1457339972257614
  },
  "screen": {
    "category": "screen",
    "mean": 0.665915310382843,
    "q50": 0.6559580564498901,
    "q90": 0.831339955329895,
    "q95": 0.9034705758094788,
    "q99": 0.9772875905036926,
    "sample_count": 55,
    "score_mode": "noise_error",
    "std": 0.13915401697158813
  },
  "screw": {
    "category": "screw",
    "mean": 0.5861036777496338,
    "q50": 0.5702425241470337,
    "q90": 0.7050849199295044,
    "q95": 0.7811954617500305,
    "q99": 0.8428406715393066,
    "sample_count": 72,
    "score_mode": "noise_error",
    "std": 0.09409676492214203
  },
  "solar_panel": {
    "category": "solar_panel",
    "mean": 0.6068260669708252,
    "q50": 0.5910441875457764,
    "q90": 0.7344532012939453,
    "q95": 0.9072651267051697,
    "q99": 1.1063696146011353,
    "sample_count": 72,
    "score_mode": "noise_error",
    "std": 0.14054328203201294
  },
  "spring_pad": {
    "category": "spring_pad",
    "mean": 0.48844727873802185,
    "q50": 0.4777359962463379,
    "q90": 0.5924242734909058,
    "q95": 0.6049839854240417,
    "q99": 0.6546966433525085,
    "sample_count": 69,
    "score_mode": "noise_error",
    "std": 0.07403109222650528
  },
  "toothbrush": {
    "category": "toothbrush",
    "mean": 0.5718075037002563,
    "q50": 0.5559065937995911,
    "q90": 0.7118028402328491,
    "q95": 0.8637964725494385,
    "q99": 1.0440881252288818,
    "sample_count": 88,
    "score_mode": "noise_error",
    "std": 0.13462857902050018
  },
  "zipper": {
    "category": "zipper",
    "mean": 0.7423897981643677,
    "q50": 0.7171422243118286,
    "q90": 0.8387046456336975,
    "q95": 1.0237034559249878,
    "q99": 1.4147286415100098,
    "sample_count": 69,
    "score_mode": "noise_error",
    "std": 0.16229671239852905
  }
}