{
  "curvature_residual_max": 2.916607141494751,
  "density_max": 301.0,
  "depth_residual_max": 0.593026340007782,
  "depth_residual_min": -1.1393812894821167,
  "mean_center": [
    18.304967880249023,
    -16.80031394958496,
    2221.087890625
  ],
  "mean_diagonal": 120.61208783663236,
  "roughness_residual_max": 0.0017066937871277332,
  "x_bounds": [
    -0.3825978934764862,
    0.38259798288345337
  ],
  "y_bounds": [
    -0.39168304204940796,
    0.39168304204940796
  ],
  "z_bounds": [
    -1.0944641828536987,
    0.5112350583076477
  ]
}