{
  "category": "capsule",
  "mean": 0.5371292233467102,
  "q50": 0.5376284122467041,
  "q90": 0.6757208108901978,
  "q95": 0.716206431388855,
  "q99": 0.8105939626693726,
  "sample_count": 51,
  "score_mode": "noise_error",
  "std": 0.12319017201662064
}