{
  "curvature_residual_max": 2.8705761432647705,
  "density_max": 130.0,
  "depth_residual_max": 0.08700425922870636,
  "depth_residual_min": -0.05587488412857056,
  "mean_center": [
    -20.286954879760742,
    17.930400848388672,
    2171.736328125
  ],
  "mean_diagonal": 182.2229561545632,
  "roughness_residual_max": 0.0010196989169344306,
  "x_bounds": [
    -0.48474329710006714,
    0.48474329710006714
  ],
  "y_bounds": [
    -0.4847292900085449,
    0.48472920060157776
  ],
  "z_bounds": [
    -0.06446536630392075,
    0.09572938084602356
  ]
}