{
  "category": "solar_panel",
  "mean": 0.6238797903060913,
  "q50": 0.5932642221450806,
  "q90": 0.8549598455429077,
  "q95": 1.117812991142273,
  "q99": 1.4983313083648682,
  "sample_count": 72,
  "score_mode": "noise_error",
  "std": 0.24658139050006866
}