{
  "solar_panel": {
    "aupro": 0.451553,
    "eval_samples": 49,
    "image_auprc": 0.875154,
    "image_auroc": 0.602564,
    "image_f1": 0.676923,
    "mean_anomalous_score": 0.798958,
    "mean_good_score": 0.699361,
    "pixel_auroc": 0.809245,
    "pixel_f1": 0.270986,
    "pixel_iou": 0.203893,
    "pixel_samples": 12
  }
}