{
  "button_cell": {
    "aupro": 0.268096,
    "eval_samples": 41,
    "image_auprc": 0.997951,
    "image_auroc": 0.993548,
    "image_f1": 0.949153,
    "mean_anomalous_score": 0.953245,
    "mean_good_score": 0.504576,
    "pixel_auroc": 0.800851,
    "pixel_f1": 0.221514,
    "pixel_iou": 0.154486,
    "pixel_samples": 26
  },
  "capsule": {
    "aupro": 0.723171,
    "eval_samples": 58,
    "image_auprc": 0.951883,
    "image_auroc": 0.772917,
    "image_f1": 0.0,
    "mean_anomalous_score": 419912.90625,
    "mean_good_score": 1.024245,
    "pixel_auroc": 0.920301,
    "pixel_f1": 0.0,
    "pixel_iou": 0.0,
    "pixel_samples": 41
  },
  "cotton": {
    "aupro": 0.59734,
    "eval_samples": 50,
    "image_auprc": 0.9883,
    "image_auroc": 0.9475,
    "image_f1": 0.0,
    "mean_anomalous_score": 4.857386,
    "mean_good_score": 1.078672,
    "pixel_auroc": 0.783102,
    "pixel_f1": 0.0,
    "pixel_iou": 0.0,
    "pixel_samples": 8
  },
  "cube": {
    "aupro": 0.27802,
    "eval_samples": 51,
    "image_auprc": 0.933948,
    "image_auroc": 0.882927,
    "image_f1": 0.8,
    "mean_anomalous_score": 0.925781,
    "mean_good_score": 0.58339,
    "pixel_auroc": 0.661365,
    "pixel_f1": 0.036926,
    "pixel_iou": 0.0231,
    "pixel_samples": 33
  },
  "flat_pad": {
    "aupro": 0.125083,
    "eval_samples": 40,
    "image_auprc": 0.849004,
    "image_auroc": 0.713333,
    "image_f1": 0.705882,
    "mean_anomalous_score": 0.769623,
    "mean_good_score": 0.663348,
    "pixel_auroc": 0.61037,
    "pixel_f1": 0.030214,
    "pixel_iou": 0.015989,
    "pixel_samples": 30
  },
  "light": {
    "aupro": 0.553058,
    "eval_samples": 46,
    "image_auprc": 0.91792,
    "image_auroc": 0.786111,
    "image_f1": 0.0,
    "mean_anomalous_score": 2.527151,
    "mean_good_score": 0.577336,
    "pixel_auroc": 0.862147,
    "pixel_f1": 0.062042,
    "pixel_iou": 0.049416,
    "pixel_samples": 12
  },
  "nut": {
    "aupro": 0.116679,
    "eval_samples": 39,
    "image_auprc": 0.963561,
    "image_auroc": 0.917241,
    "image_f1": 0.666667,
    "mean_anomalous_score": 1.092181,
    "mean_good_score": 0.64606,
    "pixel_auroc": 0.546268,
    "pixel_f1": 0.000236,
    "pixel_iou": 0.000118,
    "pixel_samples": 29
  },
  "piggy": {
    "aupro": 0.097831,
    "eval_samples": 40,
    "image_auprc": 0.967829,
    "image_auroc": 0.906667,
    "image_f1": 0.76,
    "mean_anomalous_score": 0.803318,
    "mean_good_score": 0.578478,
    "pixel_auroc": 0.48775,
    "pixel_f1": 0.0,
    "pixel_iou": 0.0,
    "pixel_samples": 29
  },
  "plastic_cylinder": {
    "aupro": 0.402618,
    "eval_samples": 38,
    "image_auprc": 0.917841,
    "image_auroc": 0.785714,
    "image_f1": 0.619048,
    "mean_anomalous_score": 0.882397,
    "mean_good_score": 0.518426,
    "pixel_auroc": 0.810257,
    "pixel_f1": 0.121058,
    "pixel_iou": 0.06978,
    "pixel_samples": 17
  },
  "screen": {
    "aupro": 0.050975,
    "eval_samples": 42,
    "image_auprc": 0.987973,
    "image_auroc": 0.959375,
    "image_f1": 0.0,
    "mean_anomalous_score": 1.254152,
    "mean_good_score": 0.869647,
    "pixel_auroc": 0.464464,
    "pixel_f1": 0.0,
    "pixel_iou": 0.0,
    "pixel_samples": 29
  },
  "screw": {
    "aupro": 0.116719,
    "eval_samples": 41,
    "image_auprc": 0.969392,
    "image_auroc": 0.893548,
    "image_f1": 0.0,
    "mean_anomalous_score": 1.55054,
    "mean_good_score": 0.822742,
    "pixel_auroc": 0.52995,
    "pixel_f1": 0.011562,
    "pixel_iou": 0.006079,
    "pixel_samples": 31
  },
  "solar_panel": {
    "aupro": 0.451178,
    "eval_samples": 49,
    "image_auprc": 0.931275,
    "image_auroc": 0.787179,
    "image_f1": 0.688525,
    "mean_anomalous_score": 0.814461,
    "mean_good_score": 0.628443,
    "pixel_auroc": 0.793279,
    "pixel_f1": 0.0,
    "pixel_iou": 0.0,
    "pixel_samples": 12
  },
  "spring_pad": {
    "aupro": 0.103151,
    "eval_samples": 34,
    "image_auprc": 0.97887,
    "image_auroc": 0.945833,
    "image_f1": 0.769231,
    "mean_anomalous_score": 1.044248,
    "mean_good_score": 0.516164,
    "pixel_auroc": 0.597066,
    "pixel_f1": 0.024016,
    "pixel_iou": 0.013011,
    "pixel_samples": 24
  },
  "toothbrush": {
    "aupro": 0.27377,
    "eval_samples": 35,
    "image_auprc": 1.0,
    "image_auroc": 1.0,
    "image_f1": 0.0,
    "mean_anomalous_score": 3.030164,
    "mean_good_score": 0.667988,
    "pixel_auroc": 0.674476,
    "pixel_f1": 0.040702,
    "pixel_iou": 0.023761,
    "pixel_samples": 20
  },
  "zipper": {
    "aupro": 0.176767,
    "eval_samples": 40,
    "image_auprc": 0.820208,
    "image_auroc": 0.756667,
    "image_f1": 0.0,
    "mean_anomalous_score": 6.993922,
    "mean_good_score": 4.063266,
    "pixel_auroc": 0.747438,
    "pixel_f1": 0.0,
    "pixel_iou": 0.0,
    "pixel_samples": 19
  }
}