{
  "category": "cube",
  "mean": 0.3843889534473419,
  "q50": 0.36609476804733276,
  "q90": 0.538802981376648,
  "q95": 0.584402322769165,
  "q99": 0.7366247773170471,
  "sample_count": 88,
  "score_mode": "noise_error",
  "std": 0.10968367010354996
}