{
  "curvature_residual_max": 2.60178279876709,
  "density_max": 181.0,
  "depth_residual_max": 1.2667771577835083,
  "depth_residual_min": -0.8394894599914551,
  "mean_center": [
    27.090744018554688,
    43.24660110473633,
    2123.483642578125
  ],
  "mean_diagonal": 70.11547705910422,
  "roughness_residual_max": 0.0013518983032554388,
  "x_bounds": [
    -0.37772178649902344,
    0.37772178649902344
  ],
  "y_bounds": [
    -0.3776096701622009,
    0.3776096999645233
  ],
  "z_bounds": [
    -0.8104236721992493,
    1.2172963619232178
  ]
}