{
  "global_max": 1.0,
  "global_mean_std": 0.09465382993221283,
  "global_min": 0.0,
  "gradient_residual_max": 2.402653455734253,
  "std_floor": 0.0009465382993221283,
  "target_size": [
    256,
    256
  ],
  "variance_residual_max": 0.18067805469036102
}