{
  "curvature_residual_max": 3.028456211090088,
  "density_max": 407.0,
  "depth_residual_max": 0.48538878560066223,
  "depth_residual_min": -0.5324333310127258,
  "mean_center": [
    17.347572326660156,
    23.807870864868164,
    2022.374267578125
  ],
  "mean_diagonal": 149.0036163330078,
  "roughness_residual_max": 0.0009039206779561937,
  "x_bounds": [
    -0.34644564986228943,
    0.3464456796646118
  ],
  "y_bounds": [
    -0.3458356261253357,
    0.34583568572998047
  ],
  "z_bounds": [
    -0.3974398076534271,
    0.43442049622535706
  ]
}