{
  "category": "screen",
  "mean": 0.6383048892021179,
  "q50": 0.6544198989868164,
  "q90": 0.8112409114837646,
  "q95": 0.840202271938324,
  "q99": 0.9745187163352966,
  "sample_count": 55,
  "score_mode": "noise_error",
  "std": 0.13372227549552917
}