{
  "category": "toothbrush",
  "mean": 0.39602431654930115,
  "q50": 0.3872280716896057,
  "q90": 0.4793054163455963,
  "q95": 0.502431333065033,
  "q99": 0.6053659915924072,
  "sample_count": 88,
  "score_mode": "noise_error",
  "std": 0.07315611094236374
}