{
  "global_max": 1.0,
  "global_mean_std": 0.1685570478439331,
  "global_min": 0.0,
  "gradient_residual_max": 2.1761648654937744,
  "std_floor": 0.001685570478439331,
  "target_size": [
    256,
    256
  ],
  "variance_residual_max": 0.1564653068780899
}