{
  "curvature_residual_max": 3.0772974491119385,
  "density_max": 382.0,
  "depth_residual_max": 0.3460032641887665,
  "depth_residual_min": -0.4366014003753662,
  "mean_center": [
    11.926393508911133,
    23.227067947387695,
    2050.45654296875
  ],
  "mean_diagonal": 50.29638241854581,
  "roughness_residual_max": 0.002528152894228697,
  "x_bounds": [
    -0.35627269744873047,
    0.35627269744873047
  ],
  "y_bounds": [
    -0.35590362548828125,
    0.35590505599975586
  ],
  "z_bounds": [
    -0.32828110456466675,
    0.332894891500473
  ]
}