{
  "capsule": {
    "aupro": 0.752698,
    "eval_samples": 58,
    "image_auprc": 0.964211,
    "image_auroc": 0.84375,
    "image_f1": 0.0,
    "mean_anomalous_score": 1.937234,
    "mean_good_score": 0.693055,
    "pixel_auroc": 0.933557,
    "pixel_f1": 0.164627,
    "pixel_iou": 0.103152,
    "pixel_samples": 41
  }
}